source,target,label,line
judini-python-main\examples\chat_completion,judini-python-main\examples\chat_completion::chat_example,defines,12
judini-python-main\examples\chat_completion,judini-python-main\examples\chat_completion::chat_example,calls,28
judini-python-main\src\judini\codegpt::CodeGPTPlus,judini-python-main\src\judini\codegpt::CodeGPTPlus.delete_document,defines,524
judini-python-main\src\judini\codegpt::CodeGPTPlus.delete_document,judini-python-main\src\judini\codegpt::CodeGPTPlus,calls,4
judini-python-main\src\judini\codegpt::CodeGPTPlus.delete_document,judini-python-main\src\judini\codegpt::JUDINI_TUTORIAL,calls,9
judini-python-main\src\judini\codegpt::CodeGPTPlus,judini-python-main\src\judini\codegpt::CodeGPTPlus.upload_document,defines,475
judini-python-main\src\judini\codegpt::CodeGPTPlus.upload_document,judini-python-main\src\judini\codegpt::CodeGPTPlus,calls,10
judini-python-main\src\judini\codegpt::CodeGPTPlus.upload_document,judini-python-main\src\judini\codegpt::JUDINI_TUTORIAL,calls,21
judini-python-main\src\judini\codegpt::CodeGPTPlus.upload_document,judini-python-main\src\judini\codegpt::CodeGPTPlus._generate_document_metadata,calls,26
judini-python-main\src\judini\codegpt::CodeGPTPlus.upload_document,judini-python-main\src\judini\codegpt::CodeGPTPlus.update_document_metadata,calls,27
judini-python-main\src\judini\codegpt::CodeGPTPlus,judini-python-main\src\judini\codegpt::CodeGPTPlus._generate_document_metadata,defines,441
judini-python-main\src\judini\codegpt::CodeGPTPlus._generate_document_metadata,judini-python-main\src\judini\codegpt::CodeGPTPlus,calls,9
judini-python-main\src\judini\codegpt::CodeGPTPlus._generate_document_metadata,judini-python-main\src\judini\codegpt::JUDINI_TUTORIAL,calls,20
judini-python-main\src\judini\codegpt::CodeGPTPlus,judini-python-main\src\judini\codegpt::CodeGPTPlus.update_document_metadata,defines,395
judini-python-main\src\judini\codegpt::CodeGPTPlus.update_document_metadata,judini-python-main\src\judini\codegpt::CodeGPTPlus.get_document,calls,9
judini-python-main\src\judini\codegpt::CodeGPTPlus.update_document_metadata,judini-python-main\src\judini\codegpt::CodeGPTPlus,calls,9
judini-python-main\src\judini\codegpt::CodeGPTPlus.update_document_metadata,judini-python-main\src\judini\codegpt::JUDINI_TUTORIAL,calls,30
judini-python-main\src\judini\codegpt::CodeGPTPlus,judini-python-main\src\judini\codegpt::CodeGPTPlus.get_document,defines,366
judini-python-main\src\judini\codegpt::CodeGPTPlus.get_document,judini-python-main\src\judini\codegpt::CodeGPTPlus,calls,4
judini-python-main\src\judini\codegpt::CodeGPTPlus.get_document,judini-python-main\src\judini\codegpt::JUDINI_TUTORIAL,calls,9
judini-python-main\src\judini\codegpt::CodeGPTPlus,judini-python-main\src\judini\codegpt::CodeGPTPlus.get_documents,defines,341
judini-python-main\src\judini\codegpt::CodeGPTPlus.get_documents,judini-python-main\src\judini\codegpt::CodeGPTPlus,calls,4
judini-python-main\src\judini\codegpt::CodeGPTPlus.get_documents,judini-python-main\src\judini\codegpt::JUDINI_TUTORIAL,calls,8
judini-python-main\src\judini\codegpt::CodeGPTPlus,judini-python-main\src\judini\codegpt::CodeGPTPlus.update_agent_documents,defines,316
judini-python-main\src\judini\codegpt::CodeGPTPlus.update_agent_documents,judini-python-main\src\judini\codegpt::CodeGPTPlus,calls,4
judini-python-main\src\judini\codegpt::CodeGPTPlus.update_agent_documents,judini-python-main\src\judini\codegpt::JUDINI_TUTORIAL,calls,10
judini-python-main\src\judini\codegpt::CodeGPTPlus,judini-python-main\src\judini\codegpt::CodeGPTPlus.delete_agent,defines,297
judini-python-main\src\judini\codegpt::CodeGPTPlus.delete_agent,judini-python-main\src\judini\codegpt::CodeGPTPlus,calls,4
judini-python-main\src\judini\codegpt::CodeGPTPlus.delete_agent,judini-python-main\src\judini\codegpt::JUDINI_TUTORIAL,calls,9
judini-python-main\src\judini\codegpt::CodeGPTPlus,judini-python-main\src\judini\codegpt::CodeGPTPlus.update_agent,defines,218
judini-python-main\src\judini\codegpt::CodeGPTPlus.update_agent,judini-python-main\src\judini\codegpt::CodeGPTPlus,calls,40
judini-python-main\src\judini\codegpt::CodeGPTPlus.update_agent,judini-python-main\src\judini\codegpt::JUDINI_TUTORIAL,calls,46
judini-python-main\src\judini\codegpt::CodeGPTPlus,judini-python-main\src\judini\codegpt::CodeGPTPlus.create_agent,defines,167
judini-python-main\src\judini\codegpt::CodeGPTPlus.create_agent,judini-python-main\src\judini\codegpt::CodeGPTPlus,calls,19
judini-python-main\src\judini\codegpt::CodeGPTPlus.create_agent,judini-python-main\src\judini\codegpt::JUDINI_TUTORIAL,calls,24
judini-python-main\src\judini\codegpt::CodeGPTPlus,judini-python-main\src\judini\codegpt::CodeGPTPlus.get_agent,defines,136
judini-python-main\src\judini\codegpt::CodeGPTPlus.get_agent,judini-python-main\src\judini\codegpt::CodeGPTPlus,calls,4
judini-python-main\src\judini\codegpt::CodeGPTPlus.get_agent,judini-python-main\src\judini\codegpt::JUDINI_TUTORIAL,calls,9
judini-python-main\src\judini\codegpt::CodeGPTPlus,judini-python-main\src\judini\codegpt::CodeGPTPlus.get_agents,defines,109
judini-python-main\src\judini\codegpt::CodeGPTPlus.get_agents,judini-python-main\src\judini\codegpt::CodeGPTPlus,calls,4
judini-python-main\src\judini\codegpt::CodeGPTPlus.get_agents,judini-python-main\src\judini\codegpt::JUDINI_TUTORIAL,calls,8
judini-python-main\src\judini\codegpt::CodeGPTPlus,judini-python-main\src\judini\codegpt::CodeGPTPlus.chat_completion,defines,51
judini-python-main\src\judini\codegpt::CodeGPTPlus.chat_completion,judini-python-main\src\judini\codegpt::CodeGPTPlus,calls,12
judini-python-main\src\judini\codegpt::CodeGPTPlus.chat_completion,judini-python-main\src\judini\codegpt::JUDINI_TUTORIAL,calls,27
judini-python-main\src\judini\codegpt::CodeGPTPlus,judini-python-main\src\judini\codegpt::CodeGPTPlus.__init__,defines,15
judini-python-main\src\judini\codegpt::CodeGPTPlus.__init__,judini-python-main\src\judini\codegpt::CodeGPTPlus,calls,13
judini-python-main\src\judini\codegpt::CodeGPTPlus.__init__,judini-python-main\src\judini\codegpt::base_url,calls,29
judini-python-main\src\judini\codegpt,judini-python-main\src\judini\codegpt::CodeGPTPlus,defines,14
judini-python-main\src\judini\codegpt::CodeGPTPlus,judini-python-main\src\judini\codegpt::base_url,calls,30
judini-python-main\src\judini\codegpt,judini-python-main\src\judini\codegpt::PLAYGROUND_KEYS_URL,defines,12
judini-python-main\src\judini\codegpt,judini-python-main\src\judini\codegpt::JUDINI_TUTORIAL,defines,11
judini-python-main\src\judini\codegpt::JUDINI_TUTORIAL,judini-python-main\src\judini\codegpt::base_url,calls,1
judini-python-main\src\judini\codegpt,judini-python-main\src\judini\codegpt::base_url,defines,10
judini-python-main\src\judini\codegpt,judini-python-main\src\judini\codegpt::base_url,calls,11
judini-python-main\src\judini\types::Document,judini-python-main\src\judini\types::Document.json_loads,defines,57
judini-python-main\src\judini\types,judini-python-main\src\judini\types::Document,defines,38
judini-python-main\src\judini\types,judini-python-main\src\judini\types::DocumentMetadata,defines,25
judini-python-main\src\judini\types,judini-python-main\src\judini\types::Agent,defines,5
judini-python-main\src\judini\utils,judini-python-main\src\judini\utils::handle_non_stream,defines,15
judini-python-main\src\judini\utils,judini-python-main\src\judini\utils::handle_stream,defines,5
judini-python-main\streamlit,judini-python-main\streamlit::completion,defines,30
judini-python-main\streamlit::completion,judini-python-main\streamlit::CODEGPT_API_KEY,calls,1
judini-python-main\streamlit,judini-python-main\streamlit::enable_stream,defines,25
judini-python-main\streamlit,judini-python-main\streamlit::AGENT_ID,defines,21
judini-python-main\streamlit,judini-python-main\streamlit::CODEGPT_API_KEY,defines,17
